,Country,Date,TimeStamp,Cloudiness,Humidity,Latitude,Longitude,Max Temp,Wind Speed (mph)
rikitea,pf,2017-12-09,2017-12-09 14:47:08,36.0,99.0,-23.12,-134.97,78.23,5.97
puerto ayora,ec,2017-12-09,2017-12-09 14:00:00,75.0,83.0,-0.74,-90.35,73.4,12.75
busselton,au,2017-12-09,2017-12-09 14:47:09,0.0,87.0,-33.65,115.33,72.02,12.01
cabo san lucas,mx,2017-12-09,2017-12-09 14:47:09,32.0,100.0,22.89,-109.91,76.16,15.82
bredasdorp,za,2017-12-09,2017-12-09 14:00:00,0.0,49.0,-34.53,20.04,71.6,17.22
anadyr,ru,2017-12-09,2017-12-09 14:00:00,90.0,84.0,64.75,177.48,8.6,4.47
ribeira grande,pt,2017-12-09,2017-12-09 14:30:00,20.0,83.0,38.52,-28.7,69.8,2.24
talnakh,ru,2017-12-09,2017-12-09 14:47:10,80.0,77.0,69.49,88.4,7.31,18.28
tiksi,ru,2017-12-09,2017-12-09 14:47:11,44.0,67.0,71.69,128.87,-14.74,3.85
huarmey,pe,2017-12-09,2017-12-09 14:47:11,36.0,77.0,-10.07,-78.15,68.42,3.4
sibolga,id,2017-12-09,2017-12-09 14:47:11,92.0,100.0,1.74,98.78,67.66,1.28
harlingen,nl,2017-12-09,2017-12-09 14:25:00,90.0,86.0,53.17,5.42,41.0,16.11
castro,cl,2017-12-09,2017-12-09 14:47:12,88.0,97.0,-42.47,-73.77,54.47,6.87
hermanus,za,2017-12-09,2017-12-09 14:47:12,0.0,53.0,-34.42,19.23,69.32,12.8
kinablangan,ph,2017-12-09,2017-12-09 14:47:12,88.0,100.0,7.69,126.55,81.61,1.28
corrente,br,2017-12-09,2017-12-09 14:47:13,56.0,57.0,-3.74,-43.34,91.19,11.01
okato,nz,2017-12-09,2017-12-09 14:47:13,88.0,96.0,-39.2,173.88,65.5,13.13
luanda,ao,2017-12-09,2017-12-09 14:00:00,75.0,62.0,-8.84,13.23,86.0,13.87
jamestown,sh,2017-12-09,2017-12-09 14:47:14,48.0,100.0,-15.94,-5.72,68.83,11.9
san felipe,mx,2017-12-09,2017-12-09 13:44:00,40.0,35.0,21.48,-101.22,41.0,5.82
kitgum,ug,2017-12-09,2017-12-09 14:47:14,56.0,28.0,3.28,32.89,87.95,5.64
souillac,mu,2017-12-09,2017-12-09 14:00:00,40.0,69.0,-20.52,57.52,80.6,11.41
mahebourg,mu,2017-12-09,2017-12-09 14:00:00,40.0,69.0,-20.41,57.7,80.6,11.41
hithadhoo,mv,2017-12-09,2017-12-09 14:47:15,0.0,100.0,-0.6,73.08,81.65,8.55
ushuaia,ar,2017-12-09,2017-12-09 14:00:00,75.0,70.0,-54.8,-68.3,42.8,13.87
hobart,au,2017-12-09,2017-12-09 14:00:00,40.0,54.0,-42.88,147.33,59.0,13.87
kahului,us,2017-12-09,2017-12-09 13:56:00,1.0,88.0,20.89,-156.47,64.4,5.82
cape town,za,2017-12-09,2017-12-09 14:00:00,0.0,49.0,-33.93,18.42,71.6,35.57
saint-philippe,re,2017-12-09,2017-12-09 14:00:00,20.0,65.0,-21.36,55.77,80.6,17.22
vaini,to,2017-12-09,2017-12-09 14:00:00,20.0,88.0,-21.2,-175.2,75.2,21.52
palaia fokaia,gr,2017-12-09,2017-12-09 14:20:00,40.0,48.0,37.72,23.95,62.6,17.22
katsuura,jp,2017-12-09,2017-12-09 14:00:00,20.0,70.0,35.13,140.3,42.8,10.29
hambantota,lk,2017-12-09,2017-12-09 14:47:18,76.0,100.0,6.12,81.12,79.45,1.83
kapaa,us,2017-12-09,2017-12-09 13:56:00,40.0,100.0,22.08,-159.32,68.0,5.82
dikson,ru,2017-12-09,2017-12-09 14:47:18,76.0,100.0,73.51,80.55,2.68,27.34
san patricio,mx,2017-12-09,2017-12-09 13:41:00,75.0,83.0,19.22,-104.7,71.6,3.96
sindor,ru,2017-12-09,2017-12-09 14:47:19,56.0,79.0,62.86,51.89,6.59,2.95
cayenne,gf,2017-12-09,2017-12-09 14:00:00,68.0,88.0,4.93,-52.33,78.8,3.36
tautira,pf,2017-12-09,2017-12-09 14:30:00,68.0,74.0,-17.73,-149.15,78.8,5.82
qaanaaq,gl,2017-12-09,2017-12-09 14:47:20,88.0,95.0,77.48,-69.36,22.52,12.12
punta arenas,cl,2017-12-09,2017-12-09 14:00:00,75.0,75.0,-53.15,-70.92,44.6,12.75
birkeland,no,2017-12-09,2017-12-09 14:20:00,40.0,64.0,58.33,8.23,37.4,9.17
gambela,et,2017-12-09,2017-12-09 14:47:20,0.0,41.0,8.25,34.58,79.4,3.29
melito di napoli,it,2017-12-09,2017-12-09 14:20:00,75.0,71.0,40.92,14.23,55.4,10.29
chernyshevskiy,ru,2017-12-09,2017-12-09 14:47:21,32.0,0.0,63.01,112.47,-32.02,4.29
nurota,uz,2017-12-09,2017-12-09 14:00:00,90.0,74.0,40.56,65.69,35.6,11.41
tura,ru,2017-12-09,2017-12-09 14:47:22,24.0,34.0,64.28,100.25,-23.61,2.51
lidkoping,se,2017-12-09,2017-12-09 14:20:00,80.0,69.0,58.51,13.16,39.2,8.05
comodoro rivadavia,ar,2017-12-09,2017-12-09 14:00:00,40.0,32.0,-45.87,-67.5,68.0,24.16
prince rupert,ca,2017-12-09,2017-12-09 14:00:00,90.0,66.0,54.32,-130.32,51.8,16.11
ilulissat,gl,2017-12-09,2017-12-09 13:50:00,75.0,47.0,69.22,-51.1,37.4,12.75
arraial do cabo,br,2017-12-09,2017-12-09 14:00:00,40.0,74.0,-22.97,-42.03,84.2,6.76
hasaki,jp,2017-12-09,2017-12-09 14:00:00,0.0,100.0,35.73,140.83,32.0,6.76
mar del plata,ar,2017-12-09,2017-12-09 14:00:00,0.0,65.0,-38.0,-57.56,77.0,9.17
jurmala,lv,2017-12-09,2017-12-09 14:20:00,75.0,86.0,56.97,23.77,33.8,12.75
griffith,au,2017-12-09,2017-12-09 14:47:24,0.0,68.0,-34.28,146.03,58.75,4.97
new norfolk,au,2017-12-09,2017-12-09 14:00:00,40.0,54.0,-42.78,147.06,59.0,13.87
koungou,yt,2017-12-09,2017-12-09 14:00:00,40.0,66.0,-12.73,45.2,86.0,10.29
avarua,ck,2017-12-09,2017-12-09 14:00:00,90.0,94.0,-21.21,-159.78,75.2,9.17
adrar,dz,2017-12-09,2017-12-09 14:00:00,0.0,37.0,27.87,-0.29,66.2,12.8
kirkuk,iq,2017-12-09,2017-12-09 14:47:26,0.0,70.0,35.47,44.39,42.01,5.53
gombong,id,2017-12-09,2017-12-09 14:47:26,24.0,93.0,-7.61,109.51,79.63,2.95
pisco,pe,2017-12-09,2017-12-09 14:00:00,90.0,82.0,-13.7,-76.22,68.0,5.82
vila franca do campo,pt,2017-12-09,2017-12-09 14:30:00,20.0,82.0,37.72,-25.43,68.0,6.93
atuona,pf,2017-12-09,2017-12-09 14:47:27,32.0,100.0,-9.8,-139.03,79.94,14.7
bengkulu,id,2017-12-09,2017-12-09 14:47:27,44.0,100.0,-3.8,102.27,79.63,5.64
faanui,pf,2017-12-09,2017-12-09 14:47:28,80.0,100.0,-16.48,-151.75,79.49,13.24
yarmouth,ca,2017-12-09,2017-12-09 14:04:00,90.0,93.0,43.83,-66.12,39.2,4.7
saskylakh,ru,2017-12-09,2017-12-09 14:47:28,76.0,65.0,71.92,114.08,-13.84,5.19
albany,au,2017-12-09,2017-12-09 14:47:06,20.0,50.0,-35.02,117.89,69.95,1.05
severo-kurilsk,ru,2017-12-09,2017-12-09 14:47:29,64.0,100.0,50.68,156.12,32.24,19.95
bestobe,kz,2017-12-09,2017-12-09 14:47:29,0.0,77.0,52.5,73.1,25.4,12.46
paamiut,gl,2017-12-09,2017-12-09 14:47:30,92.0,89.0,61.99,-49.67,34.04,9.89
mosquera,co,2017-12-09,2017-12-09 14:00:00,40.0,63.0,4.71,-74.23,62.6,3.36
cashel,ie,2017-12-09,2017-12-09 14:47:30,88.0,86.0,52.52,-7.89,36.43,4.63
pangnirtung,ca,2017-12-09,2017-12-09 14:47:31,76.0,92.0,66.15,-65.71,18.29,3.4
hilo,us,2017-12-09,2017-12-09 13:56:00,1.0,82.0,19.73,-155.09,60.8,6.93
kishi,ng,2017-12-09,2017-12-09 14:47:31,56.0,36.0,9.08,3.85,84.4,8.1
porto walter,br,2017-12-09,2017-12-09 14:47:32,0.0,73.0,-8.27,-72.74,87.46,2.95
tazmalt,dz,2017-12-09,2017-12-09 14:47:32,92.0,100.0,36.39,4.4,48.44,1.39
mao,td,2017-12-09,2017-12-09 14:47:32,0.0,16.0,14.12,15.31,85.61,7.2
bethel,us,2017-12-09,2017-12-09 14:40:00,90.0,92.0,41.37,-73.41,37.4,6.93
georgetown,sh,2017-12-09,2017-12-09 14:00:00,75.0,94.0,6.8,-58.16,78.8,9.17
luba,gq,2017-12-09,2017-12-09 14:47:33,68.0,100.0,3.46,8.55,78.05,10.89
briceni,md,2017-12-09,2017-12-09 14:47:33,8.0,87.0,48.36,27.7,39.85,10.45
mount isa,au,2017-12-09,2017-12-09 14:00:00,0.0,14.0,-20.73,139.5,87.8,12.75
kupang,id,2017-12-09,2017-12-09 14:00:00,40.0,94.0,-10.17,123.58,77.0,3.06
antofagasta,cl,2017-12-09,2017-12-09 14:00:00,20.0,59.0,-23.65,-70.4,66.2,11.41
sitka,us,2017-12-09,2017-12-09 13:53:00,90.0,62.0,57.05,-135.33,51.8,18.34
acandi,co,2017-12-09,2017-12-09 14:47:35,64.0,100.0,8.51,-77.28,77.96,2.39
vostok,ru,2017-12-09,2017-12-09 14:47:35,12.0,31.0,46.49,135.88,-22.48,1.95
khandbari,np,2017-12-09,2017-12-09 14:44:36,0.0,53.0,27.37,87.2,33.46,0.72
yulara,au,2017-12-09,2017-12-09 14:00:00,0.0,22.0,-25.24,130.99,75.2,10.29
parkes,au,2017-12-09,2017-12-09 14:47:36,0.0,65.0,-33.13,148.18,57.17,6.08
coquimbo,cl,2017-12-09,2017-12-09 14:00:00,90.0,82.0,-29.95,-71.34,60.8,6.93
araouane,ml,2017-12-09,2017-12-09 14:47:37,0.0,26.0,18.9,-3.53,78.23,14.36
podhum,ba,2017-12-09,2017-12-09 14:30:00,40.0,91.0,43.72,17.0,44.6,12.75
victoria,sc,2017-12-09,2017-12-09 14:00:00,75.0,83.0,-4.62,55.45,80.6,4.7
baruun-urt,mn,2017-12-09,2017-12-09 14:47:38,32.0,45.0,46.68,113.28,8.53,14.03
cherskiy,ru,2017-12-09,2017-12-09 14:47:38,36.0,67.0,68.75,161.3,-8.89,1.72
kaeo,nz,2017-12-09,2017-12-09 14:47:39,68.0,82.0,-35.1,173.78,60.95,4.29
mwanza,mw,2017-12-09,2017-12-09 14:00:00,75.0,69.0,-15.6,34.52,78.8,4.7
hofn,is,2017-12-09,2017-12-09 14:47:39,0.0,100.0,64.25,-15.21,31.3,19.06
chuy,uy,2017-12-09,2017-12-09 14:47:40,8.0,99.0,-33.7,-53.46,75.85,6.76
viedma,ar,2017-12-09,2017-12-09 14:47:40,8.0,42.0,-40.81,-63.0,70.36,17.72
kampene,cd,2017-12-09,2017-12-09 14:47:41,92.0,75.0,-3.6,26.67,76.52,2.39
nanakuli,us,2017-12-09,2017-12-09 13:57:00,1.0,100.0,21.39,-158.15,69.8,3.4
ferme-neuve,ca,2017-12-09,2017-12-09 14:47:41,88.0,71.0,46.7,-75.45,17.53,3.51
acarau,br,2017-12-09,2017-12-09 14:47:41,88.0,61.0,-2.89,-40.12,86.96,11.68
bluff,nz,2017-12-09,2017-12-09 14:47:42,80.0,96.0,-46.6,168.33,61.18,27.89
port alfred,za,2017-12-09,2017-12-09 14:43:11,88.0,82.0,-33.59,26.89,66.89,19.39
clyde river,ca,2017-12-09,2017-12-09 14:32:00,90.0,92.0,70.47,-68.59,12.2,12.75
fairbanks,us,2017-12-09,2017-12-09 14:24:00,90.0,100.0,64.84,-147.72,21.2,3.18
luwuk,id,2017-12-09,2017-12-09 14:47:42,92.0,100.0,-0.95,122.79,78.28,1.16
banswara,in,2017-12-09,2017-12-09 14:47:43,32.0,64.0,23.55,74.45,70.67,4.52
kavieng,pg,2017-12-09,2017-12-09 14:47:43,92.0,100.0,-2.57,150.8,80.53,1.5
matara,lk,2017-12-09,2017-12-09 14:47:43,24.0,98.0,5.95,80.54,78.14,3.96
ibra,om,2017-12-09,2017-12-09 14:47:44,68.0,89.0,22.69,58.53,60.23,2.62
college,us,2017-12-09,2017-12-09 14:24:00,90.0,100.0,64.86,-147.8,21.2,3.18
kieta,pg,2017-12-09,2017-12-09 14:47:44,92.0,100.0,-6.22,155.63,75.89,2.39
keti bandar,pk,2017-12-09,2017-12-09 14:47:45,44.0,87.0,24.14,67.45,75.26,14.81
ostrovnoy,ru,2017-12-09,2017-12-09 14:47:45,80.0,93.0,68.05,39.51,13.07,11.45
nizhneudinsk,ru,2017-12-09,2017-12-09 14:47:46,56.0,82.0,54.91,99.03,12.76,3.4
ixtapa,mx,2017-12-09,2017-12-09 13:47:00,40.0,42.0,20.7,-105.2,68.0,13.87
cabedelo,br,2017-12-09,2017-12-09 14:00:00,75.0,55.0,-6.98,-34.83,87.8,13.87
kandrian,pg,2017-12-09,2017-12-09 14:47:47,100.0,99.0,-6.22,149.55,76.21,3.18
severomuysk,ru,2017-12-09,2017-12-09 14:47:47,24.0,26.0,56.15,113.43,-21.4,1.95
yellowknife,ca,2017-12-09,2017-12-09 14:00:00,90.0,85.0,62.46,-114.35,10.4,4.7
kodiak,us,2017-12-09,2017-12-09 13:53:00,90.0,93.0,57.79,-152.41,39.2,12.75
gvarv,no,2017-12-09,2017-12-09 14:20:00,0.0,51.0,59.39,9.17,37.4,5.82
yashalta,ru,2017-12-09,2017-12-09 14:47:48,24.0,89.0,46.34,42.28,36.74,9.44
taksimo,ru,2017-12-09,2017-12-09 14:47:48,36.0,23.0,56.34,114.88,-17.76,2.73
ostersund,se,2017-12-09,2017-12-09 14:20:00,75.0,92.0,63.18,14.64,26.6,2.24
lagoa,pt,2017-12-09,2017-12-09 14:47:49,44.0,93.0,39.05,-27.98,67.93,13.13
caravelas,br,2017-12-09,2017-12-09 14:47:49,88.0,97.0,-17.71,-39.25,79.58,21.63
vanimo,pg,2017-12-09,2017-12-09 14:47:49,68.0,100.0,-2.67,141.3,82.19,3.4
rivadavia,ar,2017-12-09,2017-12-09 14:00:00,0.0,29.0,-33.19,-68.46,77.0,11.41
estevan,ca,2017-12-09,2017-12-09 14:15:00,1.0,85.0,49.13,-102.98,15.8,12.75
manoharpur,in,2017-12-09,2017-12-09 14:00:00,0.0,45.0,27.3,75.95,68.0,0.94
flinders,au,2017-12-09,2017-12-09 14:00:00,90.0,93.0,-34.58,150.86,60.8,3.36
waipawa,nz,2017-12-09,2017-12-09 14:30:00,0.0,77.0,-41.41,175.52,68.0,13.87
aykhal,ru,2017-12-09,2017-12-09 14:47:52,32.0,37.0,66.0,111.5,-25.45,5.19
maykor,ru,2017-12-09,2017-12-09 14:47:52,88.0,83.0,59.01,55.88,16.0,13.13
dwarka,in,2017-12-09,2017-12-09 14:47:52,24.0,94.0,22.24,68.97,76.34,6.64
umm lajj,sa,2017-12-09,2017-12-09 14:47:53,0.0,73.0,25.02,37.27,74.18,4.74
huntington,us,2017-12-09,2017-12-09 14:15:00,1.0,79.0,38.42,-82.45,24.8,3.36
benjamin constant,br,2017-12-09,2017-12-09 14:00:00,40.0,74.0,-4.38,-70.03,84.2,8.05
tiznit,ma,2017-12-09,2017-12-09 14:47:53,0.0,24.0,29.58,-9.5,65.72,3.4
cam ranh,vn,2017-12-09,2017-12-09 14:47:54,68.0,93.0,11.92,109.16,73.46,14.58
barrow,us,2017-12-09,2017-12-09 13:53:00,1.0,84.0,71.29,-156.79,-0.41,13.87
natal,br,2017-12-09,2017-12-09 14:00:00,40.0,62.0,-5.79,-35.21,86.0,13.87
okhotsk,ru,2017-12-09,2017-12-09 14:44:09,0.0,100.0,59.38,143.3,-8.31,7.76
sivaki,ru,2017-12-09,2017-12-09 14:47:54,12.0,33.0,52.63,126.75,-22.66,4.74
twentynine palms,us,2017-12-09,2017-12-09 13:56:00,1.0,21.0,34.14,-116.05,60.8,6.93
lima,pe,2017-12-09,2017-12-09 14:43:06,12.0,62.0,-12.04,-77.03,69.41,2.28
karpathos,gr,2017-12-09,2017-12-09 14:20:00,20.0,55.0,35.51,27.21,64.4,12.75
dennery,lc,2017-12-09,2017-12-09 14:00:00,20.0,69.0,13.9,-60.89,82.4,12.75
chokurdakh,ru,2017-12-09,2017-12-09 14:47:55,68.0,71.0,70.63,147.92,-5.16,8.77
tuatapere,nz,2017-12-09,2017-12-09 14:47:56,56.0,97.0,-46.13,167.68,57.4,21.63
ardon,ru,2017-12-09,2017-12-09 14:00:00,12.0,75.0,43.17,44.29,41.0,2.24
sao jose da coroa grande,br,2017-12-09,2017-12-09 14:47:56,20.0,67.0,-8.9,-35.15,87.5,16.04
thompson,ca,2017-12-09,2017-12-09 14:30:00,90.0,84.0,55.74,-97.86,3.2,2.73
kutum,sd,2017-12-09,2017-12-09 14:47:57,24.0,31.0,14.2,24.67,77.78,5.53
hamilton,bm,2017-12-09,2017-12-09 13:55:00,75.0,83.0,32.29,-64.78,73.4,21.92
yar-sale,ru,2017-12-09,2017-12-09 14:47:57,88.0,91.0,66.83,70.83,17.12,6.98
labuhan,id,2017-12-09,2017-12-09 14:47:58,92.0,100.0,-6.88,112.21,78.5,4.29
tsagan aman,ru,2017-12-09,2017-12-09 14:47:58,0.0,83.0,47.56,46.72,21.89,6.76
sembakung,id,2017-12-09,2017-12-09 14:47:58,20.0,94.0,3.82,117.25,77.11,2.17
belfast,za,2017-12-09,2017-12-09 14:47:59,20.0,59.0,-25.69,30.04,69.28,6.76
provideniya,ru,2017-12-09,2017-12-09 14:47:59,0.0,100.0,64.38,-173.3,20.0,16.15
saint george,bm,2017-12-09,2017-12-09 13:55:00,75.0,83.0,32.38,-64.68,73.4,21.92
lensk,ru,2017-12-09,2017-12-09 14:48:00,48.0,29.0,60.73,114.93,-20.5,6.64
aquiraz,br,2017-12-09,2017-12-09 14:00:00,75.0,58.0,-3.9,-38.39,87.8,11.41
teahupoo,pf,2017-12-09,2017-12-09 14:30:00,68.0,74.0,-17.83,-149.27,78.8,5.82
margate,za,2017-12-09,2017-12-09 14:48:01,36.0,78.0,-30.86,30.37,74.81,28.12
byron bay,au,2017-12-09,2017-12-09 14:00:00,68.0,77.0,-28.65,153.62,69.8,13.87
mehamn,no,2017-12-09,2017-12-09 14:48:01,88.0,100.0,71.04,27.85,24.55,15.82
naze,jp,2017-12-09,2017-12-09 14:48:02,68.0,100.0,28.37,129.48,62.08,8.55
mwene-ditu,cd,2017-12-09,2017-12-09 14:48:02,64.0,89.0,-7.0,23.45,75.13,4.74
sibu,my,2017-12-09,2017-12-09 14:00:00,75.0,94.0,2.3,111.82,75.2,4.7
hovd,mn,2017-12-09,2017-12-09 14:48:03,20.0,62.0,48.01,91.64,-10.69,1.95
coahuayana,mx,2017-12-09,2017-12-09 13:46:00,75.0,45.0,18.73,-103.68,66.2,23.04
tuktoyaktuk,ca,2017-12-09,2017-12-09 14:00:00,90.0,84.0,69.45,-133.04,5.0,18.34
tasiilaq,gl,2017-12-09,2017-12-09 13:50:00,75.0,100.0,65.61,-37.64,32.0,26.4
eskisehir,tr,2017-12-09,2017-12-09 13:50:00,40.0,61.0,39.78,30.52,46.4,9.17
east london,za,2017-12-09,2017-12-09 14:00:00,40.0,73.0,-33.02,27.91,69.8,29.97
qasigiannguit,gl,2017-12-09,2017-12-09 13:50:00,75.0,47.0,68.82,-51.19,37.4,12.75
kavaratti,in,2017-12-09,2017-12-09 14:48:04,0.0,100.0,10.57,72.64,81.61,10.89
mount gambier,au,2017-12-09,2017-12-09 14:48:05,92.0,88.0,-37.83,140.77,57.53,2.73
ulaangom,mn,2017-12-09,2017-12-09 14:48:05,0.0,23.0,49.98,92.07,-19.96,1.95
tomatlan,mx,2017-12-09,2017-12-09 14:48:05,20.0,50.0,19.93,-105.25,68.96,3.74
sukhinichi,ru,2017-12-09,2017-12-09 14:48:05,68.0,92.0,54.1,35.34,28.78,8.99
oussouye,sn,2017-12-09,2017-12-09 14:48:06,64.0,71.0,12.48,-16.55,84.76,11.56
carutapera,br,2017-12-09,2017-12-09 14:48:06,68.0,66.0,-1.2,-46.02,86.69,10.78
alofi,nu,2017-12-09,2017-12-09 14:00:00,92.0,94.0,-19.06,-169.92,73.4,8.1
amga,ru,2017-12-09,2017-12-09 14:48:07,64.0,0.0,60.9,131.96,-33.28,4.18
sal rei,cv,2017-12-09,2017-12-09 14:00:00,20.0,51.0,16.18,-22.92,82.4,13.87
khatanga,ru,2017-12-09,2017-12-09 14:48:07,0.0,0.0,71.97,102.5,-29.1,5.75
kogon,uz,2017-12-09,2017-12-09 14:00:00,40.0,74.0,39.72,64.55,35.6,9.17
sinnamary,gf,2017-12-09,2017-12-09 14:48:08,88.0,97.0,5.38,-52.95,80.84,10.78
bambous virieux,mu,2017-12-09,2017-12-09 14:00:00,40.0,69.0,-20.34,57.76,80.6,11.41
whitehorse,ca,2017-12-09,2017-12-09 14:00:00,90.0,84.0,60.72,-135.05,37.4,10.29
geraldton,au,2017-12-09,2017-12-09 14:00:00,36.0,73.0,-28.77,114.6,73.4,23.04
katherine,au,2017-12-09,2017-12-09 14:00:00,36.0,51.0,-14.47,132.27,86.0,8.05
kurilsk,ru,2017-12-09,2017-12-09 14:48:09,80.0,100.0,45.23,147.88,29.45,23.87
kudahuvadhoo,mv,2017-12-09,2017-12-09 14:48:10,24.0,100.0,2.67,72.89,81.83,8.32
martapura,id,2017-12-09,2017-12-09 14:00:00,40.0,88.0,-3.42,114.85,80.6,4.7
cairo,eg,2017-12-09,2017-12-09 14:30:00,0.0,42.0,30.06,31.25,68.0,14.99
vredefort,za,2017-12-09,2017-12-09 14:48:11,32.0,33.0,-27.01,27.36,81.7,11.79
chambas,cu,2017-12-09,2017-12-09 13:51:00,75.0,78.0,22.19,-78.91,80.6,4.7
onokhoy,ru,2017-12-09,2017-12-09 14:00:00,20.0,55.0,51.93,108.07,6.8,2.24
ndele,cf,2017-12-09,2017-12-09 14:48:12,0.0,27.0,8.41,20.65,91.64,9.33
parnarama,br,2017-12-09,2017-12-09 14:48:12,0.0,55.0,-5.68,-43.09,89.8,3.85
vao,nc,2017-12-09,2017-12-09 14:48:12,80.0,99.0,-22.67,167.48,76.21,11.01
mutsu,jp,2017-12-09,2017-12-09 14:48:13,88.0,100.0,41.29,141.22,35.53,14.36
dandeli,in,2017-12-09,2017-12-09 14:48:13,0.0,68.0,15.27,74.62,76.34,1.28
tezu,in,2017-12-09,2017-12-09 14:48:13,0.0,77.0,27.92,96.17,55.19,1.72
warri,ng,2017-12-09,2017-12-09 14:48:13,64.0,100.0,5.52,5.75,77.38,4.18
saint-joseph,re,2017-12-09,2017-12-09 14:00:00,20.0,65.0,-21.37,55.62,80.6,17.22
dunedin,nz,2017-12-09,2017-12-09 14:46:02,88.0,46.0,-45.87,170.5,60.91,10.56
broken hill,au,2017-12-09,2017-12-09 14:48:14,0.0,71.0,-31.95,141.43,59.06,7.43
camacupa,ao,2017-12-09,2017-12-09 14:48:14,92.0,94.0,-12.02,17.48,70.22,3.62
feodosiya,ua,2017-12-09,2017-12-09 14:48:15,24.0,96.0,45.03,35.38,50.78,16.04
sao goncalo do sapucai,br,2017-12-09,2017-12-09 14:48:15,8.0,92.0,-21.89,-45.6,77.83,3.06
te anau,nz,2017-12-09,2017-12-09 14:48:15,12.0,70.0,-45.42,167.72,51.1,14.03
port blair,in,2017-12-09,2017-12-09 14:48:16,12.0,96.0,11.67,92.75,84.31,10.11
chabua,in,2017-12-09,2017-12-09 14:48:16,0.0,86.0,27.48,95.17,56.68,1.72
taree,au,2017-12-09,2017-12-09 14:00:00,90.0,93.0,-31.9,152.47,60.8,5.82
lokosovo,ru,2017-12-09,2017-12-09 14:48:17,64.0,81.0,61.13,74.82,8.53,10.78
pasni,pk,2017-12-09,2017-12-09 14:48:17,0.0,81.0,25.26,63.47,71.71,10.0
kabo,cf,2017-12-09,2017-12-09 14:48:17,0.0,28.0,7.7,18.63,93.31,8.1
los llanos de aridane,es,2017-12-09,2017-12-09 14:30:00,20.0,56.0,28.66,-17.92,71.6,11.41
sao joao da barra,br,2017-12-09,2017-12-09 14:00:00,75.0,65.0,-21.64,-41.05,80.6,9.55
lompoc,us,2017-12-09,2017-12-09 14:35:00,1.0,44.0,34.64,-120.46,48.2,4.07
pontes e lacerda,br,2017-12-09,2017-12-09 14:48:18,20.0,77.0,-15.23,-59.34,88.9,7.31
lebu,cl,2017-12-09,2017-12-09 14:48:19,0.0,93.0,-37.62,-73.65,55.6,20.4
bundibugyo,ug,2017-12-09,2017-12-09 14:48:19,12.0,76.0,0.74,30.04,72.47,2.17
esperance,au,2017-12-09,2017-12-09 14:48:19,20.0,29.0,-33.87,121.9,70.63,11.12
aswan,eg,2017-12-09,2017-12-09 14:00:00,0.0,28.0,24.09,32.91,82.4,8.05
weihai,cn,2017-12-09,2017-12-09 14:48:20,68.0,100.0,37.5,122.11,46.55,18.95
mecca,sa,2017-12-09,2017-12-09 14:00:00,12.0,26.0,21.43,39.83,91.4,2.24
hildburghausen,de,2017-12-09,2017-12-09 14:20:00,75.0,90.0,50.43,10.73,32.0,20.8
pionerskiy,ru,2017-12-09,2017-12-09 14:00:00,75.0,69.0,54.95,20.23,35.6,13.42
syamzha,ru,2017-12-09,2017-12-09 14:48:21,88.0,90.0,60.02,41.06,22.34,10.67
buritis,br,2017-12-09,2017-12-09 14:48:22,48.0,69.0,-15.62,-46.42,83.81,11.01
timra,se,2017-12-09,2017-12-09 14:20:00,0.0,100.0,62.49,17.33,33.8,4.97
fortuna,us,2017-12-09,2017-12-09 14:35:00,90.0,84.0,40.6,-124.16,46.4,14.99
roebourne,au,2017-12-09,2017-12-09 14:48:23,0.0,68.0,-20.78,117.13,78.95,10.45
novobirilyussy,ru,2017-12-09,2017-12-09 14:48:23,0.0,83.0,56.95,90.67,7.81,6.76
beidao,cn,2017-12-09,2017-12-09 14:48:23,8.0,55.0,34.57,105.89,20.09,4.18
kalmunai,lk,2017-12-09,2017-12-09 14:48:24,88.0,100.0,7.42,81.82,74.86,2.17
medvode,si,2017-12-09,2017-12-09 14:30:00,75.0,92.0,46.13,14.43,32.0,2.24
morondava,mg,2017-12-09,2017-12-09 14:48:24,24.0,89.0,-20.28,44.28,81.25,5.75
sheridan,us,2017-12-09,2017-12-09 13:53:00,1.0,53.0,44.8,-106.96,44.6,3.36
saint-pierre,pm,2017-12-09,2017-12-09 14:00:00,0.0,100.0,46.77,-56.17,39.2,4.41
saldanha,za,2017-12-09,2017-12-09 14:00:00,0.0,38.0,-33.01,17.94,77.0,27.51
tiarei,pf,2017-12-09,2017-12-09 14:30:00,92.0,74.0,-17.53,-149.33,78.8,5.82
klaksvik,fo,2017-12-09,2017-12-09 14:20:00,80.0,100.0,62.23,-6.59,32.0,34.45
finschhafen,pg,2017-12-09,2017-12-09 14:48:26,56.0,94.0,-6.6,147.87,75.4,1.72
erdaojiang,cn,2017-12-09,2017-12-09 14:48:26,88.0,69.0,41.78,126.03,25.18,5.64
cairns,au,2017-12-09,2017-12-09 14:00:00,75.0,74.0,-16.92,145.77,78.8,8.05
igrim,ru,2017-12-09,2017-12-09 14:48:27,92.0,81.0,63.19,64.42,16.76,3.29
talcahuano,cl,2017-12-09,2017-12-09 14:00:00,0.0,63.0,-36.72,-73.12,64.4,9.17
paita,pe,2017-12-09,2017-12-09 14:00:00,0.0,69.0,-5.09,-81.11,75.2,17.22
rassvet,ru,2017-12-09,2017-12-09 14:48:28,32.0,85.0,46.83,40.75,40.66,9.78
half moon bay,us,2017-12-09,2017-12-09 14:35:00,1.0,100.0,37.46,-122.43,44.6,5.19
sao filipe,cv,2017-12-09,2017-12-09 14:48:29,68.0,88.0,14.9,-24.5,78.41,13.8
liverpool,ca,2017-12-09,2017-12-09 14:48:29,92.0,100.0,44.03,-64.72,40.07,5.08
denpasar,id,2017-12-09,2017-12-09 14:00:00,20.0,83.0,-8.65,115.22,82.4,3.36
necochea,ar,2017-12-09,2017-12-09 14:48:30,0.0,84.0,-38.55,-58.74,74.86,14.47
port elizabeth,za,2017-12-09,2017-12-09 14:00:00,90.0,68.0,-33.92,25.57,69.8,12.75
miyang,cn,2017-12-09,2017-12-09 14:48:30,32.0,84.0,24.4,103.44,40.66,2.28
butaritari,ki,2017-12-09,2017-12-09 14:48:31,12.0,100.0,3.07,172.79,82.73,7.76
vanderhoof,ca,2017-12-09,2017-12-09 14:48:31,64.0,73.0,54.02,-124.02,8.66,2.39
ati,td,2017-12-09,2017-12-09 14:48:31,0.0,19.0,13.22,18.34,91.28,4.63
cururupu,br,2017-12-09,2017-12-09 14:48:32,68.0,57.0,-1.83,-44.87,89.21,10.67
dera bugti,pk,2017-12-09,2017-12-09 14:48:32,0.0,63.0,29.03,69.15,47.5,1.72
enderby,ca,2017-12-09,2017-12-09 14:36:00,90.0,74.0,50.55,-119.15,28.4,4.7
altay,cn,2017-12-09,2017-12-09 14:48:33,12.0,52.0,47.87,88.12,-3.67,3.18
mackenzie,ca,2017-12-09,2017-12-09 14:00:00,90.0,100.0,55.3,-123.17,15.8,2.24
makakilo city,us,2017-12-09,2017-12-09 13:57:00,1.0,93.0,21.35,-158.09,69.8,3.36
banda aceh,id,2017-12-09,2017-12-09 14:48:09,68.0,100.0,5.56,95.32,73.82,2.51
husavik,is,2017-12-09,2017-12-09 14:00:00,75.0,85.0,66.04,-17.34,19.4,2.24
puerto escondido,mx,2017-12-09,2017-12-09 13:45:00,5.0,83.0,15.85,-97.07,71.6,11.41
vardo,no,2017-12-09,2017-12-09 14:48:34,92.0,100.0,70.37,31.11,29.45,23.42
lakes entrance,au,2017-12-09,2017-12-09 14:48:35,0.0,95.0,-37.88,147.98,59.06,3.62
deer lake,ca,2017-12-09,2017-12-09 14:00:00,90.0,69.0,49.17,-57.43,32.0,8.05
gopalpur,in,2017-12-09,2017-12-09 14:48:36,44.0,100.0,19.27,84.92,76.43,19.51
ornskoldsvik,se,2017-12-09,2017-12-09 14:20:00,92.0,100.0,63.29,18.72,33.8,5.82
sao desiderio,br,2017-12-09,2017-12-09 14:48:36,20.0,77.0,-12.36,-44.97,83.41,10.67
marsh harbour,bs,2017-12-09,2017-12-09 14:48:36,8.0,94.0,26.54,-77.06,79.94,21.85
kaputa,zm,2017-12-09,2017-12-09 14:48:37,76.0,77.0,-8.47,29.66,75.89,3.18
riyadh,sa,2017-12-09,2017-12-09 14:00:00,0.0,14.0,24.69,46.72,60.8,11.41
pacific grove,us,2017-12-09,2017-12-09 14:35:00,1.0,74.0,36.62,-121.92,51.8,5.64
sadiqabad,pk,2017-12-09,2017-12-09 14:48:37,0.0,43.0,28.31,70.13,54.25,2.95
contamana,pe,2017-12-09,2017-12-09 14:48:37,0.0,67.0,-7.33,-75.02,87.68,3.06
waycross,us,2017-12-09,2017-12-09 13:55:00,90.0,93.0,31.21,-82.35,44.6,8.05
pevek,ru,2017-12-09,2017-12-09 14:48:38,76.0,99.0,69.7,170.31,11.0,2.51
sisimiut,gl,2017-12-09,2017-12-09 14:48:38,32.0,97.0,66.94,-53.67,16.63,3.4
kruisfontein,za,2017-12-09,2017-12-09 14:48:38,36.0,80.0,-34.0,24.73,64.91,11.68
vila velha,br,2017-12-09,2017-12-09 14:00:00,20.0,74.0,-20.33,-40.29,80.6,13.87
longyearbyen,sj,2017-12-09,2017-12-09 13:50:00,40.0,68.0,78.22,15.64,24.8,20.8
luderitz,na,2017-12-09,2017-12-09 14:00:00,0.0,45.0,-26.65,15.16,82.4,25.28
la macarena,co,2017-12-09,2017-12-09 14:48:39,36.0,77.0,2.18,-73.78,82.06,1.61
dakar,sn,2017-12-09,2017-12-09 14:00:00,44.0,42.0,14.69,-17.44,80.6,11.41
lewisporte,ca,2017-12-09,2017-12-09 14:00:00,90.0,87.0,49.25,-55.05,32.0,11.41
plouzane,fr,2017-12-09,2017-12-09 14:30:00,90.0,93.0,48.38,-4.62,44.6,5.82
general pico,ar,2017-12-09,2017-12-09 14:48:40,0.0,43.0,-35.66,-63.76,83.05,13.02
rafaela,ar,2017-12-09,2017-12-09 14:45:08,0.0,69.0,-31.25,-61.49,87.14,6.2
tynda,ru,2017-12-09,2017-12-09 14:48:41,48.0,64.0,55.17,124.72,-15.46,7.2
tam ky,vn,2017-12-09,2017-12-09 14:00:00,75.0,94.0,15.57,108.48,68.0,1.12
salalah,om,2017-12-09,2017-12-09 13:50:00,0.0,27.0,17.02,54.09,78.8,18.34
empangeni,za,2017-12-09,2017-12-09 14:48:41,0.0,63.0,-28.76,31.89,81.47,10.67
clarence town,bs,2017-12-09,2017-12-09 14:48:42,48.0,96.0,23.1,-74.98,80.93,15.48
sola,vu,2017-12-09,2017-12-09 14:48:42,0.0,99.0,-13.88,167.55,81.43,4.41
lengshuitan,cn,2017-12-09,2017-12-09 14:48:42,8.0,75.0,26.41,111.6,39.76,2.62
puerto rico,co,2017-12-09,2017-12-09 14:48:43,20.0,84.0,1.91,-75.14,80.84,2.73
abha,sa,2017-12-09,2017-12-09 14:00:00,0.0,20.0,18.22,42.51,68.0,11.41
oktyabrskoye,ru,2017-12-09,2017-12-09 14:48:43,20.0,78.0,43.06,44.74,24.86,2.73
primero de enero,cu,2017-12-09,2017-12-09 13:51:00,75.0,78.0,21.95,-78.43,80.6,4.7
dong hoi,vn,2017-12-09,2017-12-09 14:48:44,48.0,100.0,17.48,106.6,69.01,5.97
ponta do sol,cv,2017-12-09,2017-12-09 14:48:44,32.0,100.0,17.2,-25.09,75.8,17.16
dillon,us,2017-12-09,2017-12-09 14:35:00,90.0,100.0,34.42,-79.37,37.4,5.82
alugan,ph,2017-12-09,2017-12-09 14:48:45,36.0,100.0,12.22,125.48,77.83,4.97
cidreira,br,2017-12-09,2017-12-09 14:48:45,0.0,77.0,-30.18,-50.21,79.45,7.43
miraflores,co,2017-12-09,2017-12-09 14:48:45,8.0,86.0,1.34,-71.95,80.75,2.95
upernavik,gl,2017-12-09,2017-12-09 14:48:46,92.0,87.0,72.79,-56.15,32.06,7.76
nova soure,br,2017-12-09,2017-12-09 14:48:46,92.0,39.0,-11.23,-38.48,92.0,9.66
gazanjyk,tm,2017-12-09,2017-12-09 14:48:46,44.0,94.0,39.24,55.52,35.93,3.18
kaniama,cd,2017-12-09,2017-12-09 14:48:47,92.0,87.0,-7.57,24.18,73.82,2.62
portland,au,2017-12-09,2017-12-09 14:48:47,100.0,100.0,-38.33,141.6,60.68,9.78
ancud,cl,2017-12-09,2017-12-09 14:48:47,92.0,87.0,-41.87,-73.82,55.96,7.54
the valley,ai,2017-12-09,2017-12-09 14:00:00,40.0,61.0,18.22,-63.06,82.4,14.99
lumut,my,2017-12-09,2017-12-09 14:00:00,75.0,88.0,4.23,100.63,77.0,2.24
hede,cn,2017-12-09,2017-12-09 14:48:48,64.0,65.0,33.77,120.25,33.77,9.33
along,in,2017-12-09,2017-12-09 14:48:48,0.0,82.0,28.17,94.77,54.92,1.72
san borja,bo,2017-12-09,2017-12-09 14:48:48,32.0,86.0,-14.82,-66.85,81.2,3.74
humaita,br,2017-12-09,2017-12-09 14:48:49,64.0,74.0,-7.51,-63.02,86.6,2.95
nemuro,jp,2017-12-09,2017-12-09 14:48:49,0.0,100.0,43.32,145.57,30.89,25.55
sevlievo,bg,2017-12-09,2017-12-09 14:30:00,36.0,79.0,43.03,25.11,55.4,12.75
beringovskiy,ru,2017-12-09,2017-12-09 14:48:50,80.0,100.0,63.05,179.32,22.75,8.77
shingu,jp,2017-12-09,2017-12-09 14:48:50,12.0,100.0,33.73,135.98,48.62,9.44
dehloran,ir,2017-12-09,2017-12-09 14:48:51,0.0,62.0,32.69,47.27,51.1,7.99
burgeo,ca,2017-12-09,2017-12-09 14:48:51,76.0,100.0,47.62,-57.62,38.27,6.87
bhandaria,bd,2017-12-09,2017-12-09 14:48:52,92.0,98.0,22.49,90.06,73.28,9.22
georgetown,gy,2017-12-09,2017-12-09 14:00:00,75.0,94.0,6.8,-58.16,78.8,9.17
broome,au,2017-12-09,2017-12-09 14:00:00,32.0,79.0,-17.97,122.23,86.0,11.41
villamartin,es,2017-12-09,2017-12-09 14:30:00,90.0,72.0,36.86,-5.64,64.4,6.93
matipo,br,2017-12-09,2017-12-09 14:48:53,24.0,94.0,-20.28,-42.34,77.78,4.63
high level,ca,2017-12-09,2017-12-09 14:00:00,20.0,92.0,58.52,-117.14,23.0,4.85
neiafu,to,2017-12-09,2017-12-09 14:00:00,20.0,94.0,-18.65,-173.98,68.0,7.54
grand gaube,mu,2017-12-09,2017-12-09 14:00:00,40.0,69.0,-20.01,57.66,80.6,11.41
port hedland,au,2017-12-09,2017-12-09 14:00:00,0.0,78.0,-20.32,118.57,82.4,11.41
quelimane,mz,2017-12-09,2017-12-09 14:00:00,40.0,58.0,-17.88,36.89,86.0,9.17
san cristobal,ec,2017-12-09,2017-12-09 14:00:00,20.0,78.0,-0.9,-89.62,73.4,9.17
yeppoon,au,2017-12-09,2017-12-09 14:00:00,44.0,88.0,-23.13,150.73,73.4,5.82
qaqortoq,gl,2017-12-09,2017-12-09 13:50:00,75.0,33.0,60.72,-46.03,46.4,28.86
hualmay,pe,2017-12-09,2017-12-09 14:48:56,24.0,76.0,-11.1,-77.61,68.69,4.29
yichun,cn,2017-12-09,2017-12-09 14:48:56,44.0,59.0,47.7,128.9,-13.12,3.06
kochki,ru,2017-12-09,2017-12-09 14:48:57,8.0,80.0,54.34,80.48,3.98,4.18
norman wells,ca,2017-12-09,2017-12-09 14:00:00,90.0,92.0,65.28,-126.83,19.4,3.36
presidente medici,br,2017-12-09,2017-12-09 14:48:57,56.0,80.0,-11.18,-61.9,85.34,4.52
san vicente,ph,2017-12-09,2017-12-09 14:00:00,90.0,78.0,15.3,120.65,80.6,4.7
berberati,cf,2017-12-09,2017-12-09 14:48:58,68.0,63.0,4.26,15.79,82.73,6.64
laguna,br,2017-12-09,2017-12-09 14:48:58,0.0,96.0,-28.48,-48.78,72.47,6.76
balkanabat,tm,2017-12-09,2017-12-09 14:48:59,0.0,88.0,39.51,54.37,30.08,2.17
danville,us,2017-12-09,2017-12-09 14:17:00,90.0,93.0,36.59,-79.4,33.8,5.82
jeremie,ht,2017-12-09,2017-12-09 14:48:59,56.0,91.0,18.65,-74.12,81.25,10.33
boyolangu,id,2017-12-09,2017-12-09 14:49:00,76.0,100.0,-8.12,111.89,79.13,7.43
chiredzi,zw,2017-12-09,2017-12-09 14:49:00,0.0,60.0,-21.05,31.67,81.56,4.41
sujiatun,cn,2017-12-09,2017-12-09 14:00:00,76.0,68.0,41.66,123.34,26.6,4.47
chuzhou,cn,2017-12-09,2017-12-09 14:49:00,12.0,88.0,32.32,118.3,32.87,9.1
chibuto,mz,2017-12-09,2017-12-09 14:49:01,0.0,50.0,-24.69,33.53,85.97,4.63
areosa,pt,2017-12-09,2017-12-09 14:30:00,75.0,93.0,41.72,-8.86,60.8,5.82
abu dhabi,ae,2017-12-09,2017-12-09 14:00:00,20.0,53.0,24.47,54.37,73.4,10.29
evensk,ru,2017-12-09,2017-12-09 14:49:02,12.0,100.0,61.95,159.23,-0.3,13.24
nelson bay,au,2017-12-09,2017-12-09 14:00:00,0.0,93.0,-32.72,152.15,59.0,6.42
waddan,ly,2017-12-09,2017-12-09 14:49:02,76.0,38.0,29.16,16.14,58.34,3.4
maningrida,au,2017-12-09,2017-12-09 14:49:03,12.0,72.0,-12.07,134.27,85.21,8.66
guerrero negro,mx,2017-12-09,2017-12-09 14:44:27,12.0,84.0,27.98,-114.06,50.65,1.83
sol-iletsk,ru,2017-12-09,2017-12-09 14:49:03,68.0,82.0,51.16,54.99,19.01,15.14
haines junction,ca,2017-12-09,2017-12-09 14:49:03,8.0,63.0,60.75,-137.51,8.75,2.17
tadine,nc,2017-12-09,2017-12-09 14:49:04,92.0,96.0,-21.55,167.88,77.51,10.45
carnarvon,au,2017-12-09,2017-12-09 14:49:04,20.0,100.0,-24.87,113.63,71.39,7.2
vancouver,ca,2017-12-09,2017-12-09 14:35:00,1.0,100.0,49.25,-123.12,33.8,3.18
morro bay,us,2017-12-09,2017-12-09 13:56:00,1.0,52.0,35.37,-120.85,41.0,2.62
camana,pe,2017-12-09,2017-12-09 14:49:05,20.0,98.0,-16.62,-72.71,65.54,7.87
monrovia,lr,2017-12-09,2017-12-09 14:30:00,75.0,62.0,6.3,-10.8,89.6,14.99
inuvik,ca,2017-12-09,2017-12-09 14:00:00,90.0,85.0,68.35,-133.72,12.2,4.7
snezhnogorsk,ru,2017-12-09,2017-12-09 14:00:00,75.0,79.0,69.19,33.25,19.4,8.95
savonlinna,fi,2017-12-09,2017-12-09 14:20:00,90.0,92.0,61.87,28.92,33.8,8.05
lorengau,pg,2017-12-09,2017-12-09 14:49:06,36.0,100.0,-2.02,147.27,82.82,3.18
port hardy,ca,2017-12-09,2017-12-09 14:00:00,75.0,65.0,50.7,-127.42,44.6,24.16
namatanai,pg,2017-12-09,2017-12-09 14:49:07,88.0,100.0,-3.67,152.43,80.66,9.44
tromso,no,2017-12-09,2017-12-09 14:20:00,0.0,79.0,69.65,18.96,26.6,5.82
bulgan,mn,2017-12-09,2017-12-09 14:49:07,64.0,69.0,48.81,103.53,4.21,2.73
bodden town,ky,2017-12-09,2017-12-09 14:00:00,90.0,100.0,19.28,-81.25,75.2,14.99
boksitogorsk,ru,2017-12-09,2017-12-09 14:49:08,92.0,93.0,59.47,33.85,33.73,5.64
la ronge,ca,2017-12-09,2017-12-09 14:00:00,20.0,92.0,55.1,-105.28,19.4,5.82
lithakia,gr,2017-12-09,2017-12-09 14:20:00,40.0,59.0,37.72,20.83,62.6,9.17
nabire,id,2017-12-09,2017-12-09 14:49:09,92.0,97.0,-3.37,135.48,69.41,1.83
touros,br,2017-12-09,2017-12-09 14:49:09,80.0,71.0,-5.2,-35.46,84.44,11.34
trollhattan,se,2017-12-09,2017-12-09 14:20:00,48.0,69.0,58.28,12.29,39.2,8.05
shanghai,cn,2017-12-09,2017-12-09 14:00:00,0.0,65.0,31.22,121.46,41.0,6.71
severo-yeniseyskiy,ru,2017-12-09,2017-12-09 14:49:10,76.0,79.0,60.37,93.04,15.5,2.73
noumea,nc,2017-12-09,2017-12-09 14:30:00,32.0,78.0,-22.28,166.46,75.2,2.24
ilo,pe,2017-12-09,2017-12-09 14:47:28,8.0,76.0,-17.64,-71.34,68.83,3.62
padang,id,2017-12-09,2017-12-09 14:49:10,56.0,100.0,-0.95,100.35,78.14,6.42
jawhar,so,2017-12-09,2017-12-09 14:49:11,32.0,34.0,2.78,45.5,87.77,10.67
huanren,cn,2017-12-09,2017-12-09 14:49:11,48.0,62.0,41.26,125.37,24.46,4.63
coihaique,cl,2017-12-09,2017-12-09 14:00:00,90.0,62.0,-45.58,-72.07,55.4,6.93
egvekinot,ru,2017-12-09,2017-12-09 14:49:12,12.0,71.0,66.32,-179.17,10.55,4.18
villanueva,co,2017-12-09,2017-12-09 14:49:12,12.0,53.0,5.28,-71.97,89.93,15.48
chimbote,pe,2017-12-09,2017-12-09 14:49:12,56.0,85.0,-9.09,-78.58,66.85,3.62
obuasi,gh,2017-12-09,2017-12-09 14:49:13,8.0,97.0,6.21,-1.66,80.48,4.41
richards bay,za,2017-12-09,2017-12-09 14:49:13,0.0,63.0,-28.78,32.04,81.47,10.67
xam nua,la,2017-12-09,2017-12-09 14:49:13,92.0,98.0,20.42,104.04,57.44,2.39
brae,gb,2017-12-09,2017-12-09 14:20:00,80.0,74.0,60.4,-1.35,35.6,12.75
bujaru,br,2017-12-09,2017-12-09 14:00:00,75.0,66.0,-1.51,-48.04,87.8,9.17
george town,ky,2017-12-09,2017-12-09 14:00:00,90.0,100.0,19.29,-81.37,75.2,14.99
bulungu,cd,2017-12-09,2017-12-09 14:49:14,68.0,80.0,-4.55,18.6,79.81,6.98
marsa matruh,eg,2017-12-09,2017-12-09 14:00:00,40.0,55.0,31.35,27.25,64.4,8.05
mazagao,br,2017-12-09,2017-12-09 14:00:00,40.0,50.0,-0.12,-51.29,95.0,13.87
michigan city,us,2017-12-09,2017-12-09 14:15:00,90.0,86.0,41.71,-86.9,32.0,10.29
bilma,ne,2017-12-09,2017-12-09 14:49:16,92.0,37.0,18.69,12.92,69.23,5.41
abong mbang,cm,2017-12-09,2017-12-09 14:49:16,68.0,50.0,3.98,13.18,84.71,2.73
ngunguru,nz,2017-12-09,2017-12-09 14:49:16,92.0,100.0,-35.62,174.5,65.23,9.78
aripuana,br,2017-12-09,2017-12-09 14:49:17,64.0,77.0,-9.17,-60.63,87.01,3.51
kamenka,ru,2017-12-09,2017-12-09 14:49:17,80.0,92.0,51.32,42.77,26.08,9.1
mogocha,ru,2017-12-09,2017-12-09 14:49:18,44.0,24.0,53.73,119.77,-17.85,8.43
vila nova de milfontes,pt,2017-12-09,2017-12-09 14:49:18,56.0,96.0,37.72,-8.78,62.84,14.47
nyurba,ru,2017-12-09,2017-12-09 14:49:18,24.0,47.0,63.28,118.33,-29.01,4.63
balgazyn,ru,2017-12-09,2017-12-09 14:49:19,0.0,51.0,51.0,95.2,-12.04,2.28
san martin,ar,2017-12-09,2017-12-09 14:00:00,0.0,29.0,-33.08,-68.47,77.0,11.41
meulaboh,id,2017-12-09,2017-12-09 14:49:19,80.0,100.0,4.14,96.13,78.68,2.62
ghauspur,pk,2017-12-09,2017-12-09 14:00:00,40.0,63.0,28.14,69.08,64.4,2.39
akron,us,2017-12-09,2017-12-09 14:15:00,90.0,73.0,41.08,-81.52,24.8,4.7
kisangani,cd,2017-12-09,2017-12-09 14:49:20,32.0,86.0,0.52,25.2,79.22,2.73
kirakira,sb,2017-12-09,2017-12-09 14:49:20,92.0,100.0,-10.45,161.92,84.85,3.85
caraguatay,py,2017-12-09,2017-12-09 14:49:21,8.0,61.0,-25.23,-56.82,92.99,3.62
fare,pf,2017-12-09,2017-12-09 14:49:21,80.0,100.0,-16.7,-151.02,78.55,13.35
totolapan,mx,2017-12-09,2017-12-09 13:50:00,5.0,51.0,18.97,-98.92,59.0,2.73
nanortalik,gl,2017-12-09,2017-12-09 14:49:22,92.0,90.0,60.14,-45.24,34.22,8.99
barreirinhas,br,2017-12-09,2017-12-09 14:49:22,8.0,49.0,-2.75,-42.83,91.73,14.47
ishim,ru,2017-12-09,2017-12-09 14:49:23,92.0,84.0,56.11,69.49,18.38,12.8
belyy yar,ru,2017-12-09,2017-12-09 14:00:00,75.0,84.0,53.6,91.39,6.8,3.06
sao gabriel da cachoeira,br,2017-12-09,2017-12-09 14:00:00,40.0,88.0,-0.13,-67.09,80.6,4.7
mayumba,ga,2017-12-09,2017-12-09 14:49:24,80.0,95.0,-3.43,10.66,78.91,9.33
nisia floresta,br,2017-12-09,2017-12-09 14:00:00,40.0,62.0,-6.09,-35.21,86.0,13.87
alice springs,au,2017-12-09,2017-12-09 14:00:00,0.0,27.0,-23.7,133.88,68.0,3.36
wanning,cn,2017-12-09,2017-12-09 14:49:24,0.0,100.0,18.8,110.4,68.56,10.78
sur,om,2017-12-09,2017-12-09 14:49:25,36.0,100.0,22.57,59.53,70.18,17.49
torbay,ca,2017-12-09,2017-12-09 14:27:00,90.0,93.0,47.67,-52.73,37.4,11.41
kodinsk,ru,2017-12-09,2017-12-09 14:49:25,44.0,60.0,58.69,99.18,-2.28,3.96
flic en flac,mu,2017-12-09,2017-12-09 14:00:00,40.0,69.0,-20.27,57.36,80.6,11.41
mwinilunga,zm,2017-12-09,2017-12-09 14:49:26,92.0,73.0,-11.74,24.43,74.36,2.62
talaja,in,2017-12-09,2017-12-09 14:00:00,0.0,65.0,21.35,72.05,80.6,2.28
taltal,cl,2017-12-09,2017-12-09 14:49:27,0.0,58.0,-25.4,-70.48,71.26,3.62
wuwei,cn,2017-12-09,2017-12-09 14:49:27,0.0,56.0,37.93,102.64,1.33,2.62
jinchang,cn,2017-12-09,2017-12-09 14:49:27,0.0,58.0,38.5,102.17,6.01,3.06
nouadhibou,mr,2017-12-09,2017-12-09 14:00:00,12.0,38.0,20.93,-17.03,73.4,10.29
severnyy,ru,2017-12-09,2017-12-09 14:00:00,90.0,100.0,50.68,36.55,33.8,6.71
saint-augustin,ca,2017-12-09,2017-12-09 14:49:28,0.0,100.0,51.23,-58.65,25.49,12.24
lichtenburg,za,2017-12-09,2017-12-09 14:49:29,88.0,57.0,-26.15,26.16,76.07,11.9
mazatlan,mx,2017-12-09,2017-12-09 13:44:00,40.0,87.0,23.22,-106.42,46.4,4.7
ossora,ru,2017-12-09,2017-12-09 14:49:29,88.0,89.0,59.24,163.07,20.68,18.72
casablanca,ma,2017-12-09,2017-12-09 14:30:00,0.0,52.0,33.59,-7.62,68.0,8.05
nieves,mx,2017-12-09,2017-12-09 14:49:29,0.0,57.0,24.0,-103.02,21.26,4.41
sangar,ru,2017-12-09,2017-12-09 14:49:30,0.0,0.0,63.92,127.47,-38.01,4.74
tucumcari,us,2017-12-09,2017-12-09 13:53:00,1.0,53.0,35.17,-103.72,26.6,9.17
iqaluit,ca,2017-12-09,2017-12-09 14:00:00,90.0,78.0,63.75,-68.51,17.6,5.82
shasta lake,us,2017-12-09,2017-12-09 13:54:00,1.0,86.0,40.68,-122.37,35.6,2.39
batemans bay,au,2017-12-09,2017-12-09 14:49:31,0.0,100.0,-35.72,150.18,58.43,2.51
mercedes,ar,2017-12-09,2017-12-09 14:49:31,0.0,38.0,-34.65,-59.43,90.43,8.43
zheleznodorozhnyy,ru,2017-12-09,2017-12-09 14:00:00,90.0,94.0,55.75,38.0,33.8,6.71
micheweni,tz,2017-12-09,2017-12-09 14:49:32,44.0,100.0,-4.97,39.83,83.18,19.06
linhares,br,2017-12-09,2017-12-09 14:49:32,36.0,95.0,-19.39,-40.07,84.76,4.97
northam,au,2017-12-09,2017-12-09 14:00:00,24.0,56.0,-31.67,116.67,73.4,1.12
la asuncion,ve,2017-12-09,2017-12-09 14:49:33,36.0,100.0,11.03,-63.86,78.95,14.47
harper,lr,2017-12-09,2017-12-09 14:49:33,56.0,100.0,4.38,-7.72,76.52,14.25
bonavista,ca,2017-12-09,2017-12-09 14:49:34,88.0,98.0,48.65,-53.11,35.53,11.45
isangel,vu,2017-12-09,2017-12-09 14:49:34,80.0,100.0,-19.55,169.27,77.51,11.12
pula,hr,2017-12-09,2017-12-09 14:30:00,20.0,56.0,44.87,13.85,42.8,10.29
shumskiy,ru,2017-12-09,2017-12-09 14:49:35,76.0,82.0,54.83,99.13,13.25,2.62
pesaro,it,2017-12-09,2017-12-09 14:15:00,40.0,100.0,43.9,12.89,44.6,4.7
carballo,es,2017-12-09,2017-12-09 14:30:00,75.0,82.0,43.21,-8.69,60.8,12.75
burriana,es,2017-12-09,2017-12-09 14:30:00,20.0,44.0,39.89,-0.09,60.8,4.7
meteti,pa,2017-12-09,2017-12-09 14:49:36,80.0,100.0,8.5,-77.98,76.93,3.62
pakokku,mm,2017-12-09,2017-12-09 14:49:36,92.0,100.0,21.33,95.1,69.5,6.87
aktau,kz,2017-12-09,2017-12-09 14:00:00,20.0,92.0,43.65,51.2,24.8,6.71
springdale,ca,2017-12-09,2017-12-09 14:49:37,56.0,93.0,49.5,-56.06,33.68,13.8
koumac,nc,2017-12-09,2017-12-09 14:49:37,12.0,95.0,-20.57,164.28,73.15,5.97
hanmer springs,nz,2017-12-09,2017-12-09 14:49:37,56.0,66.0,-42.52,172.82,62.21,10.67
tahoua,ne,2017-12-09,2017-12-09 14:00:00,0.0,18.0,14.89,5.27,84.2,6.93
ahipara,nz,2017-12-09,2017-12-09 14:49:38,64.0,100.0,-35.17,173.17,61.13,4.63
muros,es,2017-12-09,2017-12-09 14:30:00,90.0,100.0,42.78,-9.06,55.4,10.29
zyryanskoye,ru,2017-12-09,2017-12-09 14:49:39,0.0,77.0,56.83,86.63,14.83,11.68
kushalgarh,in,2017-12-09,2017-12-09 14:49:39,32.0,64.0,23.2,74.45,70.67,4.52
peniche,pt,2017-12-09,2017-12-09 14:30:00,40.0,82.0,39.36,-9.38,62.6,8.05
stephenville,us,2017-12-09,2017-12-09 14:15:00,1.0,55.0,32.22,-98.2,42.8,14.47
staryy urukh,ru,2017-12-09,2017-12-09 14:00:00,0.0,75.0,43.34,44.02,41.0,2.24
faribault,us,2017-12-09,2017-12-09 14:19:00,90.0,73.0,44.3,-93.27,21.2,6.93
lavrentiya,ru,2017-12-09,2017-12-09 14:49:40,0.0,100.0,65.58,-171.0,23.33,24.09
erzin,ru,2017-12-09,2017-12-09 14:49:40,0.0,53.0,50.26,95.16,-13.57,2.95
dire,ml,2017-12-09,2017-12-09 14:49:41,0.0,22.0,12.28,-10.97,92.27,8.32
